<?xml version="1.0" encoding="utf-8"?>
<ModMetaData>
  <name>RimWorld CrowdControl</name>
  <author>RimWorld-CrowdControl</author>
  <url>https://github.com/RimWorld-CrowdControl/RimWorld-CrowdControl</url>
  <packageId>RimWorld.CrowdControl</packageId>
  <supportedVersions>
    <li>1.3</li>
    <li>1.4</li>
  </supportedVersions>
  <description>The Crowd Control mod allows streamers to interact with their viewers in new and interesting ways. By allowing the viewer to trigger various in-game effects, a streamer can make their broadcast more interactive and exciting.</description>

  <modDependencies>
    <li>
      <packageId>brrainz.harmony</packageId>
      <displayName>Harmony</displayName>
      <downloadUrl>https://github.com/pardeike/HarmonyRimWorld/releases/latest</downloadUrl>
    </li>
    <li>
      <packageId>UnlimitedHugs.HugsLib</packageId>
      <displayName>HugsLib</displayName>
      <downloadUrl>https://github.com/UnlimitedHugs/RimworldHugsLib/releases/latest</downloadUrl>
    </li>
  </modDependencies>

  <loadAfter>
    <li>brrainz.harmony</li>
    <li>UnlimitedHugs.HugsLib</li>
  </loadAfter>

</ModMetaData>
