﻿<?xml version="1.0" encoding="utf-8"?>
<ModMetaData>
	<name>HugsLib</name>
	<author>UnlimitedHugs</author>
	<supportedVersions>
		<li>1.0</li>
		<li>1.1</li>
		<li>1.2</li>
		<li>1.3</li>
		<li>1.4</li>
	</supportedVersions>
	<packageId>UnlimitedHugs.HugsLib</packageId>
	<url>https://ludeon.com/forums/index.php?topic=28066.0</url>
	<description>HugsLib is a library that provides shared functionality to other mods.
Version: 10.0.1
	</description>
	<modDependencies>
		<li>
			<packageId>brrainz.harmony</packageId>
			<displayName>Harmony</displayName>
			<steamWorkshopUrl>steam://url/CommunityFilePage/2009463077</steamWorkshopUrl>
			<downloadUrl>https://github.com/pardeike/HarmonyRimWorld/releases/latest</downloadUrl>
		</li>
	</modDependencies>
	<loadAfter>
		<li>Ludeon.RimWorld</li>
		<li>Ludeon.RimWorld.Royalty</li>
		<li>brrainz.harmony</li>
	</loadAfter>
</ModMetaData>
